[
    {
        "rubric_item_id": "10733",
        "traceback": "AssertionError: 1 != 2 : The set level heuristic should have a value of 2 for the initial state of the example have cake problem.\n",
        "result": "F",
        "description": "2. Test planning graph heuristic implementations",
        "advice": "",
        "message": ""
    },
    {
        "rubric_item_id": "10732",
        "traceback": "",
        "result": ".",
        "description": "1. Test planning graph mutexes",
        "advice": "",
        "message": ""
    }
]